{
    "indata": {
        "algorithm": "ssa", 
        "epsilon": 0.01, 
        "execType": "sensitivity", 
        "id": 6119881720201216, 
        "increment": 1, 
        "jobName": "grn_deterministic_job_160218_101836", 
        "realizations": 1, 
        "resource": "local", 
        "seed": -1, 
        "selections": {
            "icc": {}, 
            "pc": {
                "gamam_p": true, 
                "gamma_m": true, 
                "ka": true, 
                "kappa": true, 
                "kd": true, 
                "mu": true
            }
        }, 
        "threshold": 10, 
        "time": 2000
    }, 
    "modelName": "grn_deterministic", 
    "name": "grn_deterministic_job_160218_101836", 
    "outData": "backup_npqImY/sensitivityJobs/data/grn_deterministic_job_160218_101836", 
    "startTime": "2016-02-18-10-18-56", 
    "status": "Finished", 
    "user_id": "andreas.hellander@gmail.com", 
    "version": "1.6.1"
}