<?xml version="1.0" ?>
<Model>
  <Description units="concentration"/>
  <NumberOfReactions>6</NumberOfReactions>
  <NumberOfSpecies>4</NumberOfSpecies>
  <SpeciesList>
    <Species>
      <Id>G_F</Id>
      <InitialPopulation>1</InitialPopulation>
    </Species>
    <Species>
      <Id>P</Id>
      <InitialPopulation>0</InitialPopulation>
    </Species>
    <Species>
      <Id>mRNA</Id>
      <InitialPopulation>0</InitialPopulation>
    </Species>
    <Species>
      <Id>G_O</Id>
      <InitialPopulation>0</InitialPopulation>
    </Species>
  </SpeciesList>
  <ParametersList>
    <Parameter>
      <Id>mu</Id>
      <Expression>10.0</Expression>
    </Parameter>
    <Parameter>
      <Id>ka</Id>
      <Expression>10000000.0</Expression>
    </Parameter>
    <Parameter>
      <Id>kd</Id>
      <Expression>0.01</Expression>
    </Parameter>
    <Parameter>
      <Id>kappa</Id>
      <Expression>10.0</Expression>
    </Parameter>
    <Parameter>
      <Id>gamma_m</Id>
      <Expression>0.02</Expression>
    </Parameter>
    <Parameter>
      <Id>gamam_p</Id>
      <Expression>0.02</Expression>
    </Parameter>
  </ParametersList>
  <ReactionsList>
    <Reaction>
      <Id>R0</Id>
      <Type>mass-action</Type>
      <Rate>mu</Rate>
      <Reactants>
        <SpeciesReference id="G_F" stoichiometry="1"/>
      </Reactants>
      <Products>
        <SpeciesReference id="mRNA" stoichiometry="1"/>
        <SpeciesReference id="G_F" stoichiometry="1"/>
      </Products>
    </Reaction>
    <Reaction>
      <Id>R1</Id>
      <Type>mass-action</Type>
      <Rate>ka</Rate>
      <Reactants>
        <SpeciesReference id="P" stoichiometry="1"/>
        <SpeciesReference id="G_F" stoichiometry="1"/>
      </Reactants>
      <Products>
        <SpeciesReference id="G_O" stoichiometry="1"/>
      </Products>
    </Reaction>
    <Reaction>
      <Id>R2</Id>
      <Type>mass-action</Type>
      <Rate>kd</Rate>
      <Reactants>
        <SpeciesReference id="G_O" stoichiometry="1"/>
      </Reactants>
      <Products>
        <SpeciesReference id="P" stoichiometry="1"/>
        <SpeciesReference id="G_F" stoichiometry="1"/>
      </Products>
    </Reaction>
    <Reaction>
      <Id>R3</Id>
      <Type>mass-action</Type>
      <Rate>kappa</Rate>
      <Reactants>
        <SpeciesReference id="mRNA" stoichiometry="1"/>
      </Reactants>
      <Products>
        <SpeciesReference id="P" stoichiometry="1"/>
        <SpeciesReference id="mRNA" stoichiometry="1"/>
      </Products>
    </Reaction>
    <Reaction>
      <Id>R4</Id>
      <Type>mass-action</Type>
      <Rate>gamma_m</Rate>
      <Reactants>
        <SpeciesReference id="mRNA" stoichiometry="1"/>
      </Reactants>
      <Products/>
    </Reaction>
    <Reaction>
      <Id>R5</Id>
      <Type>mass-action</Type>
      <Rate>gamam_p</Rate>
      <Reactants>
        <SpeciesReference id="P" stoichiometry="1"/>
      </Reactants>
      <Products/>
    </Reaction>
  </ReactionsList>
</Model>
