{
    "indata": {
        "algorithm": "nsm", 
        "epsilon": 0.01, 
        "execType": "spatial", 
        "id": 4951925493596160, 
        "increment": 1, 
        "jobName": "Hes1_job_150304_130923", 
        "realizations": 1, 
        "resource": "local", 
        "seed": 554817191, 
        "selections": {
            "icc": {}, 
            "pc": {
                "alpha_m": true
            }
        }, 
        "threshold": 10, 
        "time": 100
    }, 
    "jobName": "Hes1_job_150304_130923", 
    "modelName": "Hes1", 
    "outData": "Hes1_job_150304_130923_hO6PCJ/spatialJobs/data/Hes1_job_150304_130923", 
    "pid": 45765, 
    "resource": "Local", 
    "startTime": "2015-03-04-18-09-31", 
    "status": "Finished", 
    "stderr": "Hes1_job_150304_130923_hO6PCJ/spatialJobs/data/Hes1_job_150304_130923/stderr", 
    "stdout": "Hes1_job_150304_130923_hO6PCJ/spatialJobs/data/Hes1_job_150304_130923/stdout", 
    "userId": "andreas.hellander@gmail.com", 
    "uuid": null, 
    "version": "1.5.1"
}