<?xml version="1.0" ?>
<Model>
  <Description/>
  <NumberOfReactions>1</NumberOfReactions>
  <NumberOfSpecies>2</NumberOfSpecies>
  <SpeciesList>
    <Species>
      <Id>A</Id>
      <InitialPopulation>0</InitialPopulation>
    </Species>
    <Species>
      <Id>B</Id>
      <InitialPopulation>0</InitialPopulation>
    </Species>
  </SpeciesList>
  <ParametersList>
    <Parameter>
      <Id>k1</Id>
      <Expression>100.0</Expression>
    </Parameter>
  </ParametersList>
  <ReactionsList>
    <Reaction>
      <Id>R1</Id>
      <Type>mass-action</Type>
      <Rate>k1</Rate>
      <Reactants>
        <SpeciesReference id="A" stoichiometry="1"/>
      </Reactants>
      <Products>
        <SpeciesReference id="B" stoichiometry="1"/>
      </Products>
    </Reaction>
  </ReactionsList>
</Model>
