<?xml version="1.0" ?>
<Model>
  <Description/>
  <NumberOfReactions>7</NumberOfReactions>
  <NumberOfSpecies>4</NumberOfSpecies>
  <SpeciesList>
    <Species>
      <Id>Promoter_free</Id>
      <InitialPopulation>0.0</InitialPopulation>
    </Species>
    <Species>
      <Id>Promoter_occupied</Id>
      <InitialPopulation>0.0</InitialPopulation>
    </Species>
    <Species>
      <Id>mRNA</Id>
      <InitialPopulation>0.0</InitialPopulation>
    </Species>
    <Species>
      <Id>Protein</Id>
      <InitialPopulation>0.0</InitialPopulation>
    </Species>
  </SpeciesList>
  <ParametersList>
    <Parameter>
      <Id>k1</Id>
      <Expression>1000000000.0</Expression>
    </Parameter>
    <Parameter>
      <Id>k2</Id>
      <Expression>0.1</Expression>
    </Parameter>
    <Parameter>
      <Id>alpha_m</Id>
      <Expression>3.0</Expression>
    </Parameter>
    <Parameter>
      <Id>alpha_m_gamma</Id>
      <Expression>0.1</Expression>
    </Parameter>
    <Parameter>
      <Id>mu_m</Id>
      <Expression>0.015</Expression>
    </Parameter>
    <Parameter>
      <Id>mu_p</Id>
      <Expression>0.043</Expression>
    </Parameter>
    <Parameter>
      <Id>alpha_p</Id>
      <Expression>1.0</Expression>
    </Parameter>
  </ParametersList>
  <ReactionsList>
    <Reaction>
      <Id>R0</Id>
      <Type>mass-action</Type>
      <Rate>k1</Rate>
      <Reactants>
        <SpeciesReference id="Protein" stoichiometry="1"/>
        <SpeciesReference id="Promoter_free" stoichiometry="1"/>
      </Reactants>
      <Products>
        <SpeciesReference id="Promoter_occupied" stoichiometry="1"/>
      </Products>
    </Reaction>
    <Reaction>
      <Id>R1</Id>
      <Type>mass-action</Type>
      <Rate>k2</Rate>
      <Reactants>
        <SpeciesReference id="Promoter_occupied" stoichiometry="1"/>
      </Reactants>
      <Products>
        <SpeciesReference id="Protein" stoichiometry="1"/>
        <SpeciesReference id="Promoter_free" stoichiometry="1"/>
      </Products>
    </Reaction>
    <Reaction>
      <Id>R2</Id>
      <Type>mass-action</Type>
      <Rate>alpha_m_gamma</Rate>
      <Reactants>
        <SpeciesReference id="Promoter_free" stoichiometry="1"/>
      </Reactants>
      <Products>
        <SpeciesReference id="mRNA" stoichiometry="1"/>
        <SpeciesReference id="Promoter_free" stoichiometry="1"/>
      </Products>
    </Reaction>
    <Reaction>
      <Id>R3</Id>
      <Type>mass-action</Type>
      <Rate>alpha_m</Rate>
      <Reactants>
        <SpeciesReference id="Promoter_occupied" stoichiometry="1"/>
      </Reactants>
      <Products>
        <SpeciesReference id="Promoter_occupied" stoichiometry="1"/>
        <SpeciesReference id="mRNA" stoichiometry="1"/>
      </Products>
    </Reaction>
    <Reaction>
      <Id>R4</Id>
      <Type>mass-action</Type>
      <Rate>alpha_p</Rate>
      <Reactants>
        <SpeciesReference id="mRNA" stoichiometry="1"/>
      </Reactants>
      <Products>
        <SpeciesReference id="Protein" stoichiometry="1"/>
        <SpeciesReference id="mRNA" stoichiometry="1"/>
      </Products>
    </Reaction>
    <Reaction>
      <Id>R5</Id>
      <Type>mass-action</Type>
      <Rate>mu_m</Rate>
      <Reactants>
        <SpeciesReference id="mRNA" stoichiometry="1"/>
      </Reactants>
      <Products/>
    </Reaction>
    <Reaction>
      <Id>R6</Id>
      <Type>mass-action</Type>
      <Rate>mu_p</Rate>
      <Reactants>
        <SpeciesReference id="Protein" stoichiometry="1"/>
      </Reactants>
      <Products/>
    </Reaction>
  </ReactionsList>
</Model>
