{
    "isSpatial": true, 
    "meshFile": "examples/models/data/cylinder_demo.mesh.xml", 
    "model": "examples/models/data/cylinder_demo.xml", 
    "name": "cylinder_demo", 
    "spatial": {
        "initial_conditions": [
            {
                "count": 1000, 
                "species": "A", 
                "subdomain": 2, 
                "type": "scatter", 
                "x": 0, 
                "y": 0, 
                "z": 0
            }, 
            {
                "count": 1000, 
                "species": "B", 
                "subdomain": 3, 
                "type": "scatter", 
                "x": 0, 
                "y": 0, 
                "z": 0
            }
        ], 
        "mesh_wrapper_id": 4925812092436480, 
        "reactions_subdomain_assignments": {
            "R0": [
                2
            ], 
            "R1": [
                3
            ], 
            "R2": [
                1, 
                2, 
                3
            ]
        }, 
        "species_diffusion_coefficients": {
            "A": 1, 
            "B": 1
        }, 
        "species_subdomain_assignments": {
            "A": [
                1, 
                2, 
                3
            ], 
            "B": [
                1, 
                2, 
                3
            ]
        }
    }, 
    "subdomainsFile": "examples/models/data/cylinder_demo.subdomains.txt", 
    "units": "population", 
    "user_id": "", 
    "version": "1.5.0"
}
