{
    "isSpatial": true, 
    "meshFile": "examples/models/data/Hes1.mesh.xml", 
    "model": "examples/models/data/Hes1.xml", 
    "name": "Hes1", 
    "spatial": {
        "initial_conditions": [
            {
                "count": 1, 
                "species": "Promoter_free", 
                "subdomain": 3, 
                "type": "scatter", 
                "x": 0, 
                "y": 0, 
                "z": 0
            }, 
            {
                "count": 60, 
                "species": "Protein", 
                "subdomain": 2, 
                "type": "scatter", 
                "x": 0, 
                "y": 0, 
                "z": 0
            }, 
            {
                "count": 10, 
                "species": "mRNA", 
                "subdomain": 3, 
                "type": "scatter", 
                "x": 0, 
                "y": 0, 
                "z": 0
            }
        ], 
        "mesh_wrapper_id": 6612462929444864, 
        "reactions_subdomain_assignments": {
            "R0": [
                3
            ], 
            "R1": [
                3
            ], 
            "R2": [
                3
            ], 
            "R3": [
                3
            ], 
            "R4": [
                2
            ], 
            "R5": [
                2, 
                1, 
                3
            ], 
            "R6": [
                2, 
                1, 
                3
            ]
        }, 
        "species_diffusion_coefficients": {
            "Promoter_free": 0, 
            "Promoter_occupied": 0, 
            "Protein": 0.6, 
            "mRNA": 0.6
        }, 
        "species_subdomain_assignments": {
            "Promoter_free": [
                3
            ], 
            "Promoter_occupied": [
                3
            ], 
            "Protein": [
                2, 
                1, 
                3
            ], 
            "mRNA": [
                2, 
                1, 
                3
            ]
        }
    }, 
    "subdomainsFile": "examples/models/data/Hes1.subdomains.txt", 
    "units": "population", 
    "user_id": "",
    "version": "1.5.0"
}
