{
    "celeryPID": null, 
    "cloudDatabaseID": null, 
    "exception_message": null, 
    "indata": {
        "algorithm": "nsm", 
        "epsilon": 0.01, 
        "execType": "spatial", 
        "id": 6612462929444864, 
        "increment": 1, 
        "jobName": "simple_diffusion_job_150107_121137", 
        "realizations": 1, 
        "resource": "local", 
        "seed": -1, 
        "selections": {
            "icc": {}, 
            "pc": {
                "k1": true
            }
        }, 
        "threshold": 10, 
        "time": 100
    }, 
    "jobName": "simple_diffusion_job_150107_121137", 
    "modelName": "simple_diffusion", 
    "outData": "simple_diffusion_job_150107_121137_7WBRuF/spatialJobs/data/simple_diffusion_job_150107_121137", 
    "output_url": null, 
    "pid": 18996, 
    "resource": "local", 
    "startTime": "2015-01-07-20-11-41", 
    "status": "Finished", 
    "stderr": "simple_diffusion_job_150107_121137_7WBRuF/spatialJobs/data/simple_diffusion_job_150107_121137/stderr", 
    "stdout": "simple_diffusion_job_150107_121137_7WBRuF/spatialJobs/data/simple_diffusion_job_150107_121137/stdout", 
    "userId": "dbjnbnrj@gmail.com", 
    "uuid": null, 
    "version": "1.4.0"
}