{
    "isSpatial": true, 
    "meshFile": "backup_XIvrTQ/models/data/dimerdecay_68o.mesh.xml", 
    "model": "backup_XIvrTQ/models/data/dimerdecay_68o.xml", 
    "name": "dimerdecay_68o", 
    "spatial": {
        "initial_conditions": [
            {
                "count": 0, 
                "species": "A", 
                "subdomain": 1, 
                "type": "scatter", 
                "x": 0, 
                "y": 0, 
                "z": 0
            }
        ], 
        "mesh_wrapper_id": 4644337115725824, 
        "reactions_subdomain_assignments": {
            "R1": [
                1, 
                2, 
                3
            ], 
            "R2": [
                1, 
                2, 
                3
            ], 
            "R3": [
                1, 
                2, 
                3
            ]
        }, 
        "species_diffusion_coefficients": {
            "A": 0, 
            "B": 0, 
            "C": 0
        }, 
        "species_subdomain_assignments": {
            "A": [
                1, 
                3, 
                2
            ], 
            "B": [
                1, 
                2, 
                3
            ], 
            "C": [
                1, 
                3, 
                2
            ]
        }
    }, 
    "subdomainsFile": "backup_XIvrTQ/models/data/dimerdecay_68o.subdomains.txt", 
    "units": "population", 
    "user_id": "dbjnbnrj@gmail.com", 
    "version": "1.4.0"
}