{
    "epsilon": 0.01, 
    "exec_type": "stochastic", 
    "final_time": 100, 
    "increment": 1, 
    "modelName": "birthdeath", 
    "name": "birthdeath_job_160222_120404", 
    "output_location": "backup_zwbCmS/stochkitJobs/data/birthdeath_job_160222_120404", 
    "pid": 99959, 
    "realizations": 1, 
    "result": null, 
    "seed": 1964114891, 
    "startTime": "2016-02-22-12-04-18", 
    "status": "Finished", 
    "stderr": "backup_zwbCmS/stochkitJobs/data/birthdeath_job_160222_120404/stderr", 
    "stdout": "backup_zwbCmS/stochkitJobs/data/birthdeath_job_160222_120404/stdout", 
    "threshold": 10, 
    "type": "StochKit2 Ensemble", 
    "units": "population", 
    "user_id": "test@test.com", 
    "version": "1.6.1"
}