{
    "epsilon": 0.01, 
    "exec_type": "stochastic", 
    "final_time": 100, 
    "increment": 1, 
    "modelName": "birthdeath", 
    "name": "birthdeath_job_160222_133957", 
    "output_location": "backup_zwbCmS/stochkitJobs/data/birthdeath_job_160222_133957", 
    "pid": 3738, 
    "realizations": 1, 
    "result": null, 
    "seed": 848031402, 
    "startTime": "2016-02-22-13-40-37", 
    "status": "Finished", 
    "stderr": "backup_zwbCmS/stochkitJobs/data/birthdeath_job_160222_133957/stderr", 
    "stdout": "backup_zwbCmS/stochkitJobs/data/birthdeath_job_160222_133957/stdout", 
    "threshold": 10, 
    "type": "StochKit2 Ensemble", 
    "units": "population", 
    "user_id": "test@test.com", 
    "version": "1.6.1"
}