{
    "epsilon": 0.01, 
    "exec_type": "deterministic", 
    "final_time": 2000, 
    "increment": 1, 
    "modelName": "grn_deterministic", 
    "name": "grn_deterministic_job_160218_102631", 
    "output_location": "backup_zwbCmS/stochkitJobs/data/grn_deterministic_job_160218_102631", 
    "pid": null, 
    "realizations": 1, 
    "result": null, 
    "seed": -1, 
    "startTime": "2016-02-18-10-26-34", 
    "status": "Finished", 
    "stderr": "backup_zwbCmS/stochkitJobs/data/grn_deterministic_job_160218_102631/stderr", 
    "stdout": "backup_zwbCmS/stochkitJobs/data/grn_deterministic_job_160218_102631/stdout", 
    "threshold": 10, 
    "type": "StochKit2 Ensemble", 
    "units": "concentration", 
    "user_id": "andreas.hellander@gmail.com", 
    "version": "1.6.1"
}