{
    "epsilon": 0.01, 
    "exec_type": "stochastic", 
    "final_time": 100, 
    "increment": 1, 
    "modelName": "michaelis_menten", 
    "name": "michaelis_menten_job_160217_222112", 
    "output_location": "backup_zwbCmS/stochkitJobs/data/michaelis_menten_job_160217_222112", 
    "pid": 30256, 
    "realizations": 1, 
    "result": null, 
    "seed": 726348670, 
    "startTime": "2016-02-17-22-27-48", 
    "status": "Finished", 
    "stderr": "backup_zwbCmS/stochkitJobs/data/michaelis_menten_job_160217_222112/stderr", 
    "stdout": "backup_zwbCmS/stochkitJobs/data/michaelis_menten_job_160217_222112/stdout", 
    "threshold": 10, 
    "type": "StochKit2 Ensemble", 
    "units": "population", 
    "user_id": "andreas.hellander@gmail.com", 
    "version": "1.6.1"
}