<?xml version="1.0" ?>
<Model>
  <Description/>
  <NumberOfReactions>6</NumberOfReactions>
  <NumberOfSpecies>5</NumberOfSpecies>
  <SpeciesList>
    <Species>
      <Id>MinD_m</Id>
      <InitialPopulation>0.0</InitialPopulation>
    </Species>
    <Species>
      <Id>MinD_c_atp</Id>
      <InitialPopulation>0.0</InitialPopulation>
    </Species>
    <Species>
      <Id>MinD_c_adp</Id>
      <InitialPopulation>0.0</InitialPopulation>
    </Species>
    <Species>
      <Id>MinD_e</Id>
      <InitialPopulation>0.0</InitialPopulation>
    </Species>
    <Species>
      <Id>MinDE</Id>
      <InitialPopulation>0.0</InitialPopulation>
    </Species>
  </SpeciesList>
  <ParametersList>
    <Parameter>
      <Id>sigma_d</Id>
      <Expression>0.384615384615</Expression>
    </Parameter>
    <Parameter>
      <Id>sigma_dD</Id>
      <Expression>1.6e-21</Expression>
    </Parameter>
    <Parameter>
      <Id>sigma_e</Id>
      <Expression>9.3e-20</Expression>
    </Parameter>
    <Parameter>
      <Id>sigma_de</Id>
      <Expression>0.7</Expression>
    </Parameter>
    <Parameter>
      <Id>sigma_dt</Id>
      <Expression>1.0</Expression>
    </Parameter>
  </ParametersList>
  <ReactionsList>
    <Reaction>
      <Id>R1</Id>
      <Type>mass-action</Type>
      <Rate>sigma_d</Rate>
      <Reactants>
        <SpeciesReference id="MinD_c_atp" stoichiometry="1"/>
      </Reactants>
      <Products>
        <SpeciesReference id="MinD_m" stoichiometry="1"/>
      </Products>
    </Reaction>
    <Reaction>
      <Id>R3</Id>
      <Type>mass-action</Type>
      <Rate>sigma_e</Rate>
      <Reactants>
        <SpeciesReference id="MinD_e" stoichiometry="1"/>
        <SpeciesReference id="MinD_m" stoichiometry="1"/>
      </Reactants>
      <Products>
        <SpeciesReference id="MinDE" stoichiometry="1"/>
      </Products>
    </Reaction>
    <Reaction>
      <Id>R4</Id>
      <Type>mass-action</Type>
      <Rate>sigma_de</Rate>
      <Reactants>
        <SpeciesReference id="MinDE" stoichiometry="1"/>
      </Reactants>
      <Products>
        <SpeciesReference id="MinD_c_adp" stoichiometry="1"/>
        <SpeciesReference id="MinD_e" stoichiometry="1"/>
      </Products>
    </Reaction>
    <Reaction>
      <Id>R2</Id>
      <Type>mass-action</Type>
      <Rate>sigma_dD</Rate>
      <Reactants>
        <SpeciesReference id="MinD_c_atp" stoichiometry="1"/>
        <SpeciesReference id="MinD_m" stoichiometry="1"/>
      </Reactants>
      <Products>
        <SpeciesReference id="MinD_m" stoichiometry="2"/>
      </Products>
    </Reaction>
    <Reaction>
      <Id>R5</Id>
      <Type>mass-action</Type>
      <Rate>sigma_dt</Rate>
      <Reactants>
        <SpeciesReference id="MinD_c_adp" stoichiometry="1"/>
      </Reactants>
      <Products>
        <SpeciesReference id="MinD_c_atp" stoichiometry="1"/>
      </Products>
    </Reaction>
    <Reaction>
      <Id>R6</Id>
      <Type>mass-action</Type>
      <Rate>sigma_dD</Rate>
      <Reactants>
        <SpeciesReference id="MinD_c_atp" stoichiometry="1"/>
        <SpeciesReference id="MinDE" stoichiometry="1"/>
      </Reactants>
      <Products>
        <SpeciesReference id="MinDE" stoichiometry="1"/>
        <SpeciesReference id="MinD_m" stoichiometry="1"/>
      </Products>
    </Reaction>
  </ReactionsList>
</Model>
