{
    "isSpatial": true, 
    "meshFile": "SimpleDiffusion/models/data/SimpleDiffusion.mesh.xml", 
    "model": "SimpleDiffusion/models/data/SimpleDiffusion.xml", 
    "name": "SimpleDiffusion", 
    "spatial": {
        "initial_conditions": {
            "ic0": {
                "count": "10000", 
                "species": "A", 
                "type": "place", 
                "x": 0, 
                "y": 0, 
                "z": 0
            }
        }, 
        "mesh_wrapper_id": 5258139481931776, 
        "reactions_subdomain_assignments": {
            "R1": [
                3
            ]
        }, 
        "species_diffusion_coefficients": {
            "A": "0.1", 
            "B": "0.1"
        }, 
        "species_subdomain_assignments": {
            "A": [
                1, 
                2, 
                3
            ], 
            "B": [
                2, 
                3
            ]
        }, 
        "subdomains": [
            1, 
            2, 
            3
        ]
    }, 
    "subdomainsFile": "SimpleDiffusion/models/data/SimpleDiffusion.subdomains.txt", 
    "units": "population", 
    "user_id": "", 
    "version": "1.4.0"
}