<Model>
  <Description></Description>
  <NumberOfReactions>2</NumberOfReactions>
  <NumberOfSpecies>1</NumberOfSpecies>
  <SpeciesList>
    <Species>
      <Id>S</Id>
      <InitialPopulation>100.0</InitialPopulation>
    </Species>
  </SpeciesList>
  <ParametersList>
    <Parameter>
      <Id>k1</Id>
      <Expression>0.03</Expression>
    </Parameter>
    <Parameter>
      <Id>k2</Id>
      <Expression>3.0</Expression>
    </Parameter>
  </ParametersList>
  <ReactionsList>
    <Reaction>
      <Id>R1</Id>
      <Type>mass-action</Type>
      <Rate>k1</Rate>
      <Reactants/>
      <Products>
        <SpeciesReference id="S" stoichiometry="1"/>
      </Products>
    </Reaction>
    <Reaction>
      <Id>R2</Id>
      <Type>mass-action</Type>
      <Rate>k2</Rate>
      <Reactants>
        <SpeciesReference id="S" stoichiometry="1"/>
      </Reactants>
      <Products/>
    </Reaction>
  </ReactionsList>
</Model>
