<Model>
  <Description></Description>
  <NumberOfReactions>3</NumberOfReactions>
  <NumberOfSpecies>3</NumberOfSpecies>
  <SpeciesList>
    <Species>
      <Id>A</Id>
      <InitialPopulation>1000.0</InitialPopulation>
    </Species>
    <Species>
      <Id>B</Id>
      <InitialPopulation>200.0</InitialPopulation>
    </Species>
    <Species>
      <Id>C</Id>
      <InitialPopulation>200.0</InitialPopulation>
    </Species>
  </SpeciesList>
  <ParametersList>
    <Parameter>
      <Id>k</Id>
      <Expression>1.0</Expression>
    </Parameter>
  </ParametersList>
  <ReactionsList>
    <Reaction>
      <Id>R1</Id>
      <Type>mass-action</Type>
      <Rate>k</Rate>
      <Reactants>
        <SpeciesReference id="B" stoichiometry="1"/>
        <SpeciesReference id="A" stoichiometry="1"/>
      </Reactants>
      <Products>
        <SpeciesReference id="B" stoichiometry="1"/>
      </Products>
    </Reaction>
    <Reaction>
      <Id>R2</Id>
      <Type>mass-action</Type>
      <Rate>k</Rate>
      <Reactants/>
      <Products>
        <SpeciesReference id="B" stoichiometry="1"/>
      </Products>
    </Reaction>
    <Reaction>
      <Id>R3</Id>
      <Type>mass-action</Type>
      <Rate>k</Rate>
      <Reactants/>
      <Products>
        <SpeciesReference id="A" stoichiometry="1"/>
      </Products>
    </Reaction>
  </ReactionsList>
</Model>
