{
    "isSpatial": true, 
    "meshFile": "MinCDE_XtCpBm/models/data/MinCDE.mesh.xml", 
    "model": "MinCDE_XtCpBm/models/data/MinCDE.xml", 
    "name": "MinCDE", 
    "spatial": {
        "initial_conditions": {
            "ic0": {
                "count": "4500", 
                "species": "MinD_c_adp", 
                "subdomain": 1, 
                "type": "scatter"
            }, 
            "ic1": {
                "count": "1575", 
                "species": "MinD_e", 
                "subdomain": 1, 
                "type": "scatter"
            }
        }, 
        "mesh_wrapper_id": 5627300510957568, 
        "reactions_subdomain_assignments": {
            "R1": [
                2
            ], 
            "R2": [
                1, 
                2
            ], 
            "R3": [
                1, 
                2
            ], 
            "R4": [
                1, 
                2
            ], 
            "R5": [
                1, 
                2
            ], 
            "R6": [
                1, 
                2
            ]
        }, 
        "species_diffusion_coefficients": {
            "MinDE": "1e-14", 
            "MinD_c_adp": "2.5e-12", 
            "MinD_c_atp": "2.5e-12", 
            "MinD_e": "2.5e-12", 
            "MinD_m": "1e-14"
        }, 
        "species_subdomain_assignments": {
            "MinDE": [
                2
            ], 
            "MinD_c_adp": [
                1, 
                2
            ], 
            "MinD_c_atp": [
                1, 
                2
            ], 
            "MinD_e": [
                1, 
                2
            ], 
            "MinD_m": [
                2
            ]
        }, 
        "subdomains": [
            1, 
            2
        ]
    }, 
    "subdomainsFile": "MinCDE_XtCpBm/models/data/MinCDE.subdomains.txt", 
    "units": "population", 
    "user_id": "andreas.hellander@gmail.com", 
    "version": "1.4.0"
}