{
    "epsilon": 0.01, 
    "exec_type": "deterministic", 
    "final_time": 2000, 
    "increment": 1, 
    "modelName": "grn_deterministic", 
    "name": "grn_deterministic_job_160219_120043", 
    "output_location": "backup_RCkpOH/stochkitJobs/data/grn_deterministic_job_160219_120043", 
    "pid": 70255, 
    "realizations": 1, 
    "result": null, 
    "seed": -1, 
    "startTime": "2016-02-19-12-00-46", 
    "status": "Finished", 
    "stderr": "backup_RCkpOH/stochkitJobs/data/grn_deterministic_job_160219_120043/stderr", 
    "stdout": "backup_RCkpOH/stochkitJobs/data/grn_deterministic_job_160219_120043/stdout", 
    "threshold": 10, 
    "type": "StochKit2 Ensemble", 
    "units": "concentration", 
    "user_id": "andreas.hellander@gmail.com", 
    "version": "1.6.1"
}