{
    "epsilon": 0.01, 
    "exec_type": "stochastic", 
    "final_time": 100, 
    "increment": 1, 
    "modelName": "michaelis_menten", 
    "name": "michaelis_menten_job_160219_115854", 
    "output_location": "backup_RCkpOH/stochkitJobs/data/michaelis_menten_job_160219_115854", 
    "pid": 69619, 
    "realizations": 1, 
    "result": null, 
    "seed": 1207072672, 
    "startTime": "2016-02-19-11-58-59", 
    "status": "Finished", 
    "stderr": "backup_RCkpOH/stochkitJobs/data/michaelis_menten_job_160219_115854/stderr", 
    "stdout": "backup_RCkpOH/stochkitJobs/data/michaelis_menten_job_160219_115854/stdout", 
    "threshold": 10, 
    "type": "StochKit2 Ensemble", 
    "units": "population", 
    "user_id": "andreas.hellander@gmail.com", 
    "version": "1.6.1"
}