{
    "epsilon": 0.01, 
    "exec_type": "stochastic", 
    "final_time": 100, 
    "increment": 1, 
    "modelName": "michaelis_menten", 
    "name": "michaelis_menten_job_160222_164325", 
    "output_location": "backup_RCkpOH/stochkitJobs/data/michaelis_menten_job_160222_164325", 
    "pid": 6882, 
    "realizations": 1, 
    "result": null, 
    "seed": 1637992695, 
    "startTime": "2016-02-22-16-43-30", 
    "status": "Finished", 
    "stderr": "backup_RCkpOH/stochkitJobs/data/michaelis_menten_job_160222_164325/stderr", 
    "stdout": "backup_RCkpOH/stochkitJobs/data/michaelis_menten_job_160222_164325/stdout", 
    "threshold": 10, 
    "type": "StochKit2 Ensemble", 
    "units": "population", 
    "user_id": "andreas.hellander@gmail.com", 
    "version": "1.6.1"
}