{
    "indata": {
        "algorithm": "nsm", 
        "epsilon": 0.01, 
        "execType": "spatial", 
        "id": 6007456656261120, 
        "increment": 1, 
        "jobName": "model2_job_150304_160014", 
        "realizations": 1, 
        "resource": "local", 
        "seed": 1883249654, 
        "selections": {
            "icc": {}, 
            "pc": {
                "alpha_m": true
            }
        }, 
        "threshold": 10, 
        "time": 100
    }, 
    "jobName": "model2_job_150304_160014", 
    "modelName": "model2", 
    "outData": "model2_job_150304_160014_eNlZMl/spatialJobs/data/model2_job_150304_160014", 
    "pid": 48144, 
    "resource": "Local", 
    "startTime": "2015-03-04-21-00-30", 
    "status": "Finished", 
    "stderr": "model2_job_150304_160014_eNlZMl/spatialJobs/data/model2_job_150304_160014/stderr", 
    "stdout": "model2_job_150304_160014_eNlZMl/spatialJobs/data/model2_job_150304_160014/stdout", 
    "userId": "andreas.hellander@gmail.com", 
    "uuid": null, 
    "version": "1.5.0"
}