{
    "epsilon": 0.01, 
    "exec_type": "stochastic", 
    "final_time": 100, 
    "increment": 1, 
    "modelName": "dimer_decay", 
    "name": "dimer_decay_job_160223_230156", 
    "output_location": "backup_cQsL6X/stochkitJobs/data/dimer_decay_job_160223_230156", 
    "pid": 24628, 
    "realizations": 1, 
    "result": null, 
    "seed": 527712091, 
    "startTime": "2016-02-23-23-02-14", 
    "status": "Finished", 
    "stderr": "backup_cQsL6X/stochkitJobs/data/dimer_decay_job_160223_230156/stderr", 
    "stdout": "backup_cQsL6X/stochkitJobs/data/dimer_decay_job_160223_230156/stdout", 
    "threshold": 10, 
    "type": "StochKit2 Ensemble", 
    "units": "population", 
    "user_id": "andreas.hellander@gmail.com", 
    "version": "1.6.1"
}