{
    "epsilon": 0.01, 
    "exec_type": "deterministic", 
    "final_time": 100, 
    "increment": 1, 
    "modelName": "michaelis_menten", 
    "name": "michaelis_menten_job_160219_115906", 
    "output_location": "backup_cQsL6X/stochkitJobs/data/michaelis_menten_job_160219_115906", 
    "pid": 69927, 
    "realizations": 1, 
    "result": null, 
    "seed": -1, 
    "startTime": "2016-02-19-11-59-09", 
    "status": "Finished", 
    "stderr": "backup_cQsL6X/stochkitJobs/data/michaelis_menten_job_160219_115906/stderr", 
    "stdout": "backup_cQsL6X/stochkitJobs/data/michaelis_menten_job_160219_115906/stdout", 
    "threshold": 10, 
    "type": "StochKit2 Ensemble", 
    "units": "population", 
    "user_id": "andreas.hellander@gmail.com", 
    "version": "1.6.1"
}