{
    "epsilon": 0.01, 
    "exec_type": "stochastic", 
    "final_time": 100, 
    "increment": 1, 
    "modelName": "michaelis_menten", 
    "name": "michaelis_menten_job_160222_113942", 
    "output_location": "backup_cQsL6X/stochkitJobs/data/michaelis_menten_job_160222_113942", 
    "pid": 94337, 
    "realizations": 1, 
    "result": null, 
    "seed": 1654720391, 
    "startTime": "2016-02-22-11-39-55", 
    "status": "Finished", 
    "stderr": "backup_cQsL6X/stochkitJobs/data/michaelis_menten_job_160222_113942/stderr", 
    "stdout": "backup_cQsL6X/stochkitJobs/data/michaelis_menten_job_160222_113942/stdout", 
    "threshold": 10, 
    "type": "StochKit2 Ensemble", 
    "units": "population", 
    "user_id": "andreas.hellander@gmail.com", 
    "version": "1.6.1"
}