{
    "epsilon": 0.01, 
    "exec_type": "stochastic", 
    "final_time": 100, 
    "increment": 1, 
    "modelName": "michaelis_menten", 
    "name": "michaelis_menten_job_160224_225222", 
    "output_location": "backup_cQsL6X/stochkitJobs/data/michaelis_menten_job_160224_225222", 
    "pid": 32378, 
    "realizations": 1, 
    "result": null, 
    "seed": 838080292, 
    "startTime": "2016-02-24-22-52-25", 
    "status": "Finished", 
    "stderr": "backup_cQsL6X/stochkitJobs/data/michaelis_menten_job_160224_225222/stderr", 
    "stdout": "backup_cQsL6X/stochkitJobs/data/michaelis_menten_job_160224_225222/stdout", 
    "threshold": 10, 
    "type": "StochKit2 Ensemble", 
    "units": "population", 
    "user_id": "andreas.hellander@gmail.com", 
    "version": "1.6.1"
}