{
    "epsilon": 0.01, 
    "exec_type": "stochastic", 
    "final_time": 100, 
    "increment": 1, 
    "modelName": "michaelis_menten", 
    "name": "michaelis_menten_job_160222_161710", 
    "output_location": "backup_cQsL6X/stochkitJobs/data/michaelis_menten_job_160222_161710", 
    "pid": 5579, 
    "realizations": 1, 
    "result": null, 
    "seed": 944300942, 
    "startTime": "2016-02-22-16-17-19", 
    "status": "Finished", 
    "stderr": "backup_cQsL6X/stochkitJobs/data/michaelis_menten_job_160222_161710/stderr", 
    "stdout": "backup_cQsL6X/stochkitJobs/data/michaelis_menten_job_160222_161710/stdout", 
    "threshold": 10, 
    "type": "StochKit2 Ensemble", 
    "units": "population", 
    "user_id": "andreas.hellander@gmail.com", 
    "version": "1.6.1"
}