{
    "epsilon": 0.01, 
    "exec_type": "stochastic", 
    "final_time": 100, 
    "increment": 1, 
    "modelName": "michaelis_menten", 
    "name": "michaelis_menten_job_160222_115938", 
    "output_location": "backup_cQsL6X/stochkitJobs/data/michaelis_menten_job_160222_115938", 
    "pid": 98670, 
    "realizations": 1, 
    "result": null, 
    "seed": 242646748, 
    "startTime": "2016-02-22-11-59-42", 
    "status": "Finished", 
    "stderr": "backup_cQsL6X/stochkitJobs/data/michaelis_menten_job_160222_115938/stderr", 
    "stdout": "backup_cQsL6X/stochkitJobs/data/michaelis_menten_job_160222_115938/stdout", 
    "threshold": 10, 
    "type": "StochKit2 Ensemble", 
    "units": "population", 
    "user_id": "andreas.hellander@gmail.com", 
    "version": "1.6.1"
}