<Model>
  <Description></Description>
  <NumberOfReactions>4</NumberOfReactions>
  <NumberOfSpecies>3</NumberOfSpecies>
  <SpeciesList>
    <Species>
      <Id>S1</Id>
      <InitialPopulation>10000</InitialPopulation>
    </Species>
    <Species>
      <Id>S2</Id>
      <InitialPopulation>0</InitialPopulation>
    </Species>
    <Species>
      <Id>S3</Id>
      <InitialPopulation>0</InitialPopulation>
    </Species>
  </SpeciesList>
  <ParametersList>
    <Parameter>
      <Id>c1</Id>
      <Expression>1.0</Expression>
    </Parameter>
    <Parameter>
      <Id>c2</Id>
      <Expression>0.002</Expression>
    </Parameter>
    <Parameter>
      <Id>c3</Id>
      <Expression>0.5</Expression>
    </Parameter>
    <Parameter>
      <Id>c4</Id>
      <Expression>0.04</Expression>
    </Parameter>
  </ParametersList>
  <ReactionsList>
    <Reaction>
      <Id>R1</Id>
      <Type>mass-action</Type>
      <Rate>c1</Rate>
      <Reactants>
        <SpeciesReference id="S1" stoichiometry="1"/>
      </Reactants>
      <Products/>
    </Reaction>
    <Reaction>
      <Id>R2</Id>
      <Type>mass-action</Type>
      <Rate>c2</Rate>
      <Reactants>
        <SpeciesReference id="S1" stoichiometry="2"/>
      </Reactants>
      <Products>
        <SpeciesReference id="S2" stoichiometry="1"/>
      </Products>
    </Reaction>
    <Reaction>
      <Id>R3</Id>
      <Type>mass-action</Type>
      <Rate>c3</Rate>
      <Reactants>
        <SpeciesReference id="S2" stoichiometry="1"/>
      </Reactants>
      <Products>
        <SpeciesReference id="S1" stoichiometry="2"/>
      </Products>
    </Reaction>
    <Reaction>
      <Id>R4</Id>
      <Type>mass-action</Type>
      <Rate>c4</Rate>
      <Reactants>
        <SpeciesReference id="S2" stoichiometry="1"/>
      </Reactants>
      <Products>
        <SpeciesReference id="S3" stoichiometry="1"/>
      </Products>
    </Reaction>
  </ReactionsList>
</Model>
