<Model>
  <Description units="concentration"></Description>
  <NumberOfReactions>3</NumberOfReactions>
  <NumberOfSpecies>2</NumberOfSpecies>
  <SpeciesList>
    <Species>
      <Id>R</Id>
      <InitialPopulation>0.0095</InitialPopulation>
    </Species>
    <Species>
      <Id>W</Id>
      <InitialPopulation>0.008</InitialPopulation>
    </Species>
  </SpeciesList>
  <ParametersList>
    <Parameter>
      <Id>k1</Id>
      <Expression>0.004</Expression>
    </Parameter>
    <Parameter>
      <Id>k2</Id>
      <Expression>0.5</Expression>
    </Parameter>
    <Parameter>
      <Id>k3</Id>
      <Expression>0.0045</Expression>
    </Parameter>
  </ParametersList>
  <ReactionsList>
    <Reaction>
      <Id>R1</Id>
      <Type>mass-action</Type>
      <Rate>k1</Rate>
      <Reactants>
        <SpeciesReference id="R" stoichiometry="1"/>
      </Reactants>
      <Products>
        <SpeciesReference id="R" stoichiometry="2"/>
      </Products>
    </Reaction>
    <Reaction>
      <Id>R2</Id>
      <Type>mass-action</Type>
      <Rate>k2</Rate>
      <Reactants>
        <SpeciesReference id="W" stoichiometry="1"/>
        <SpeciesReference id="R" stoichiometry="1"/>
      </Reactants>
      <Products>
        <SpeciesReference id="W" stoichiometry="2"/>
      </Products>
    </Reaction>
    <Reaction>
      <Id>R3</Id>
      <Type>mass-action</Type>
      <Rate>k3</Rate>
      <Reactants>
        <SpeciesReference id="W" stoichiometry="1"/>
      </Reactants>
      <Products/>
    </Reaction>
  </ReactionsList>
</Model>
