<Model>
  <Description></Description>
  <NumberOfReactions>3</NumberOfReactions>
  <NumberOfSpecies>2</NumberOfSpecies>
  <SpeciesList>
    <Species>
      <Id>P</Id>
      <InitialPopulation>0</InitialPopulation>
    </Species>
    <Species>
      <Id>S</Id>
      <InitialPopulation>0</InitialPopulation>
    </Species>
  </SpeciesList>
  <ParametersList>
    <Parameter>
      <Id>Etot</Id>
      <Expression>10.0</Expression>
    </Parameter>
    <Parameter>
      <Id>k1</Id>
      <Expression>0.1</Expression>
    </Parameter>
    <Parameter>
      <Id>k2</Id>
      <Expression>10.0</Expression>
    </Parameter>
    <Parameter>
      <Id>k3</Id>
      <Expression>1.0</Expression>
    </Parameter>
    <Parameter>
      <Id>Km</Id>
      <Expression>110.0</Expression>
    </Parameter>
    <Parameter>
      <Id>mu</Id>
      <Expression>10.0</Expression>
    </Parameter>
    <Parameter>
      <Id>Vmax</Id>
      <Expression>10.0</Expression>
    </Parameter>
  </ParametersList>
  <ReactionsList>
    <Reaction>
      <Id>R0</Id>
      <Type>mass-action</Type>
      <Rate>mu</Rate>
      <Reactants/>
      <Products>
        <SpeciesReference id="S" stoichiometry="1"/>
      </Products>
    </Reaction>
    <Reaction>
      <Id>R1</Id>
      <Type>mass-action</Type>
      <Rate>k3</Rate>
      <Reactants>
        <SpeciesReference id="P" stoichiometry="1"/>
      </Reactants>
      <Products/>
    </Reaction>
    <Reaction>
      <Id>R2</Id>
      <Type>customized</Type>
      <PropensityFunction>Vmax * S / (Km + S)</PropensityFunction>
      <Reactants>
        <SpeciesReference id="S" stoichiometry="1"/>
      </Reactants>
      <Products>
        <SpeciesReference id="P" stoichiometry="1"/>
      </Products>
    </Reaction>
  </ReactionsList>
</Model>
