{
    "indata": {
        "algorithm": "nsm", 
        "epsilon": 0.01, 
        "execType": "spatial", 
        "id": 5840605766746112, 
        "increment": 1, 
        "jobName": "Hes1_job_160214_212414", 
        "realizations": 1, 
        "resource": "local", 
        "seed": 2051096965, 
        "selections": {
            "icc": {}, 
            "pc": {
                "alpha_m": true
            }
        }, 
        "threshold": 10, 
        "time": 100
    }, 
    "modelName": "Hes1", 
    "name": "Hes1_job_160214_212414", 
    "outData": "backup_zwbCmS/spatialJobs/data/Hes1_job_160214_212414", 
    "pid": 9718, 
    "resource": "Local", 
    "startTime": "2016-02-14-21-24-19", 
    "status": "Finished", 
    "stderr": "backup_zwbCmS/spatialJobs/data/Hes1_job_160214_212414/stderr", 
    "stdout": "backup_zwbCmS/spatialJobs/data/Hes1_job_160214_212414/stdout", 
    "user_id": "andreas.hellander@gmail.com", 
    "uuid": null, 
    "version": "1.6.1"
}